"","id","dam","sire","absLLRtotal","dam.batch","sire.batch","Fertilization_pairs","loci"
"1","adapter_trim.F2-J86-pH8.bam","adapter_trim.F1-B15-pH8.bam","adapter_trim.F1-B1-pH8.bam","0.72","1, 4","2, 4","TRUE","CM084269_1_15827787.1, CM084276_1_11705154.0, CM084274_1_4869944.0, CM084267_1_2652515.1, CM084266_1_68882944.1, CM084264_1_69875456.0, CM084270_1_42355504.1, CM084272_1_18194129.0, CM084269_1_15798363.1, CM084264_1_69712159.0, CM084271_1_257176.1, CM084274_1_4734039.1, CM084264_1_66439628.1, CM084271_1_340894.1, CM084271_1_3821267.1, CM084264_1_63760.0, CM084268_1_14768218.1, CM084269_1_35627219.0, CM084264_1_2740137.1, CM084264_1_72054205.0, CM084264_1_70174613.1, CM084271_1_1033792.0, CM084265_1_71795197.1, CM084270_1_42348998.0, CM084269_1_15823117.0, CM084279_1_1064677.1, CM084272_1_33452338.0, CM084274_1_4686932.0, CM084276_1_714435.0, CM084264_1_74989681.0, CM084264_1_69870962.0, CM084264_1_73291570.0, CM084276_1_38539465.0, CM084271_1_218835.0, CM084266_1_71166433.0, CM084264_1_69287125.1, CM084264_1_73931084.1, CM084275_1_2509962.0, CM084277_1_29780093.1, CM084266_1_70707518.1"
"2","adapter_trim.F2-J104-pH8.bam","adapter_trim.F1-B21-pH8.bam","adapter_trim.F1-B1-pH8.bam","0.27","2, 4","2, 4","TRUE","CM084265_1_59221213.0, CM084279_1_32640622.0, CM084269_1_45438470.0, CM084264_1_70174663.0, CM084275_1_29098652.1, CM084266_1_23321829.1, CM084269_1_42862779.1, CM084266_1_69632418.0, CM084268_1_2832740.0, CM084269_1_15812959.0, CM084272_1_18553651.0, CM084275_1_23083662.1, CM084268_1_24030546.1, CM084264_1_12084114.1, CM084274_1_4792243.0, CM084265_1_59221155.1, CM084269_1_15823954.1, CM084264_1_72075479.0, CM084264_1_69271981.1, CM084269_1_1556267.1, CM084267_1_9175849.1, CM084269_1_41823136.0, CM084274_1_4730081.0, CM084278_1_20623588.0, CM084274_1_4869825.1, CM084271_1_344606.1, CM084273_1_32698879.0, CM084277_1_31296163.0, CM084268_1_2706209.0, CM084265_1_68806465.0, CM084270_1_19464591.0, CM084266_1_57888582.1, CM084271_1_1052235.1, CM084278_1_20858397.1, CM084272_1_33616443.1, CM084274_1_4704387.0, CM084276_1_38552504.0, CM084265_1_64585926.0, CM084274_1_4863917.0, CM084275_1_25393416.0"
"3","adapter_trim.F2-J122-pH8.bam","adapter_trim.F1-B21-pH8.bam","adapter_trim.F1-B1-pH8.bam","0.81","2, 4","2, 4","TRUE","CM084268_1_49719731.0, CM084265_1_8361584.1, CM084264_1_73604407.0, CM084265_1_68869208.0, CM084267_1_6421475.0, CM084279_1_32666436.0, CM084275_1_661848.0, CM084267_1_8687423.1, CM084265_1_54595174.0, CM084265_1_68806465.0, CM084267_1_11257252.1, CM084265_1_69381524.1, CM084274_1_4793160.1, CM084267_1_50392657.0, CM084274_1_4729950.1, CM084268_1_298828.0, CM084264_1_70188206.1, CM084271_1_257149.1, CM084278_1_23541775.0, CM084276_1_38960936.0, CM084268_1_50321964.1, CM084264_1_70175562.1, CM084269_1_46858338.0, CM084271_1_19655226.0, CM084272_1_33617974.0, CM084264_1_70175545.0, CM084278_1_22667330.0, CM084268_1_938570.0, CM084274_1_4778496.0, CM084276_1_38558585.0, CM084279_1_1072342.0, CM084267_1_832159.0, CM084272_1_33497675.1, CM084267_1_5168546.1, CM084269_1_35627230.1, CM084268_1_50321875.1, CM084265_1_72178250.0, CM084277_1_30631457.1, CM084271_1_26324168.0, CM084274_1_4863917.1"
"4","adapter_trim.F2-J143-pH8.bam","adapter_trim.F1-B20-pH8.bam","adapter_trim.F1-B10-pH8.bam","0.23","2","2","TRUE","CM084268_1_9292527.0, CM084265_1_68714893.0, CM084271_1_19655939.1, CM084272_1_1704404.0, CM084278_1_20695466.0, CM084268_1_28845789.0, CM084265_1_71826461.0, CM084265_1_790962.1, CM084268_1_3697725.0, CM084275_1_20000990.0, CM084276_1_1856902.0, CM084264_1_72054047.0, CM084277_1_18545014.1, CM084264_1_69539449.1, CM084272_1_1726216.0, CM084269_1_15799430.1, CM084264_1_66439628.0, CM084265_1_71899674.0, CM084266_1_69051090.1, CM084266_1_68910397.1, CM084272_1_18193899.1, CM084264_1_68685021.1, CM084268_1_2713891.0, CM084272_1_1894276.1, CM084265_1_70801089.0, CM084264_1_74035920.0, CM084269_1_46733079.0, CM084272_1_33571767.0, CM084267_1_9176045.1, CM084274_1_4870391.1, CM084278_1_20732784.0, CM084278_1_30230906.0, CM084269_1_42862695.0, CM084279_1_32666444.0, CM084274_1_4862014.1, CM084270_1_47076365.1, CM084276_1_2855158.1, CM084279_1_1070322.1, CM084274_1_4708745.0, CM084277_1_29782028.1"
"5","adapter_trim.F2-J88-pH8.bam","adapter_trim.F1-B15-pH8.bam","adapter_trim.F1-B11-pH8.bam","0.52","1, 4","4","TRUE","CM084266_1_66483880.0, CM084264_1_75278242.0, CM084266_1_71224927.1, CM084271_1_43849246.0, CM084276_1_38558640.1, CM084269_1_45238238.1, CM084266_1_70743731.0, CM084268_1_41971.0, CM084279_1_992716.0, CM084265_1_58530104.1, CM084275_1_39500153.1, CM084272_1_33497675.1, CM084274_1_4862784.1, CM084274_1_11619945.0, CM084274_1_4694254.1, CM084275_1_672856.0, CM084276_1_1856639.1, CM084269_1_45238132.1, CM084275_1_39781005.1, CM084270_1_19464668.0, CM084278_1_20735956.1, CM084264_1_69287125.1, CM084264_1_34294033.1, CM084274_1_5046215.0, CM084268_1_9292468.1, CM084264_1_72118711.0, CM084275_1_66811.0, CM084266_1_65401967.1, CM084269_1_45238247.1, CM084271_1_44090310.0, CM084269_1_15827890.0, CM084265_1_59221301.0, CM084269_1_42862707.0, CM084264_1_65422.0, CM084275_1_1303251.0, CM084265_1_69915221.1, CM084264_1_66561947.0, CM084269_1_15827787.1, CM084275_1_327919.1, CM084269_1_41823136.1"
"6","adapter_trim.F2-J89-pH8.bam","adapter_trim.F1-B21-pH8.bam","adapter_trim.F1-B11-pH8.bam","0.88","2, 4","4","TRUE","CM084270_1_19464668.1, CM084275_1_25395479.0, CM084274_1_4812118.0, CM084279_1_32673936.1, CM084279_1_32648014.1, CM084264_1_2738113.1, CM084274_1_4867333.0, CM084271_1_43860505.0, CM084276_1_20157067.0, CM084266_1_69089438.1, CM084276_1_25975836.0, CM084275_1_39776636.0, CM084271_1_342830.1, CM084267_1_13231056.0, CM084271_1_43851366.0, CM084269_1_47265482.0, CM084275_1_1218645.1, CM084279_1_28791311.0, CM084279_1_1063045.0, CM084274_1_4861946.1, CM084271_1_43338888.1, CM084272_1_18170755.1, CM084276_1_38557410.1, CM084269_1_15813148.1, CM084275_1_29098655.1, CM084279_1_1196447.1, CM084267_1_6421241.1, CM084266_1_66377784.0, CM084278_1_19961223.0, CM084270_1_9413290.0, CM084264_1_74076720.1, CM084266_1_68882944.1, CM084274_1_4863917.1, CM084265_1_58036225.1, CM084264_1_70390974.0, CM084268_1_3699589.0, CM084265_1_69924624.1, CM084270_1_47076316.0, CM084266_1_58087794.0, CM084277_1_10417524.1"
"7","adapter_trim.F2-B13-pH8.bam","adapter_trim.F1-B15-pH8.bam","adapter_trim.F1-B11-pH8.bam","1.05","1, 4","4","TRUE","CM084272_1_1894340.0, CM084266_1_69793931.1, CM084265_1_71925486.1, CM084269_1_10663251.0, CM084267_1_5165711.0, CM084264_1_69748575.0, CM084268_1_28845513.1, CM084264_1_73926177.0, CM084279_1_161176.1, CM084279_1_10149611.1, CM084278_1_23539431.0, CM084277_1_30168380.0, CM084275_1_328861.0, CM084267_1_2426156.1, CM084271_1_43868149.0, CM084266_1_61737001.0, CM084279_1_1064862.0, CM084271_1_44077341.1, CM084267_1_8687374.0, CM084266_1_70400406.0, CM084277_1_36521175.0, CM084264_1_6517652.1, CM084278_1_22665064.0, CM084278_1_16773822.0, CM084267_1_8687423.0, CM084269_1_15809963.1, CM084265_1_72636296.1, CM084275_1_25395524.1, CM084270_1_46587607.0, CM084271_1_43817237.0, CM084264_1_34294660.1, CM084278_1_15228737.1, CM084274_1_4861946.0, CM084278_1_20865574.0, CM084275_1_39501427.0, CM084275_1_25397320.0, CM084271_1_346606.0, CM084279_1_32652116.1, CM084276_1_38785557.0, CM084269_1_15809862.0"
"8","adapter_trim.F2-J145-pH8.bam","adapter_trim.F1-B25-pH8.bam","adapter_trim.F1-B3-pH8.bam","0.85","3","3","TRUE","CM084269_1_43525189.1, CM084268_1_82411.1, CM084272_1_29972645.1, CM084268_1_28845823.1, CM084267_1_728194.0, CM084264_1_34303458.0, CM084277_1_29780093.0, CM084264_1_12084114.0, CM084266_1_66383710.1, CM084277_1_5803906.0, CM084266_1_64723748.0, CM084277_1_28144351.0, CM084272_1_11675288.1, CM084265_1_71899687.1, CM084268_1_282153.0, CM084264_1_69712159.1, CM084264_1_26777912.1, CM084270_1_4751834.1, CM084279_1_10147284.1, CM084266_1_25399242.0, CM084274_1_4795077.1, CM084265_1_65322091.0, CM084268_1_3691160.0, CM084264_1_74076720.1, CM084266_1_66377784.0, CM084273_1_31865208.1, CM084270_1_46587624.0, CM084264_1_72011634.1, CM084265_1_69915221.0, CM084267_1_9176045.0, CM084273_1_31862314.0, CM084266_1_69547380.1, CM084264_1_66439654.1, CM084274_1_4795482.0, CM084266_1_64164380.0, CM084275_1_29098652.0, CM084265_1_54591404.1, CM084272_1_18194192.0, CM084267_1_2104179.0, CM084268_1_1326515.1"
"9","adapter_trim.F2-B23-pH8.bam","adapter_trim.F1-B25-pH8.bam","adapter_trim.F1-B3-pH8.bam","0.23","3","3","TRUE","CM084270_1_47103324.1, CM084278_1_22654264.0, CM084273_1_31863671.0, CM084276_1_12399731.1, CM084269_1_15823100.1, CM084279_1_160989.1, CM084269_1_42862707.1, CM084272_1_18188792.0, CM084273_1_7839386.1, CM084274_1_4694578.1, CM084266_1_70686279.1, CM084271_1_30532473.1, CM084279_1_23112955.1, CM084268_1_3692649.0, CM084266_1_66483855.0, CM084273_1_33585263.1, CM084268_1_28851946.1, CM084276_1_38788200.1, CM084271_1_44086152.1, CM084274_1_4869897.0, CM084279_1_32666441.1, CM084267_1_13229742.0, CM084274_1_4788084.0, CM084278_1_279354.1, CM084277_1_29208310.1, CM084270_1_46588177.1, CM084269_1_39736991.0, CM084268_1_3699589.0, CM084278_1_20734518.1, CM084266_1_68322200.1, CM084268_1_50216537.0, CM084265_1_64832885.0, CM084273_1_32683002.0, CM084268_1_22932623.1, CM084270_1_1553326.0, CM084278_1_20701460.0, CM084268_1_1326519.0, CM084265_1_72637027.1, CM084269_1_43524558.1, CM084265_1_3130640.1"
"10","adapter_trim.F2-B3-pH8.bam","adapter_trim.F1-B25-pH8.bam","adapter_trim.F1-B3-pH8.bam","0.73","3","3","TRUE","CM084265_1_14403550.1, CM084264_1_65945.0, CM084266_1_71166412.1, CM084274_1_4700811.0, CM084273_1_32698894.0, CM084269_1_35627080.1, CM084272_1_18194957.1, CM084275_1_2509958.0, CM084266_1_68882944.1, CM084264_1_69870962.1, CM084274_1_4674060.0, CM084265_1_1816569.0, CM084269_1_35627100.0, CM084265_1_72091635.1, CM084265_1_71925470.0, CM084266_1_67097921.1, CM084267_1_51167096.1, CM084264_1_70174668.1, CM084269_1_43525440.0, CM084275_1_524647.0, CM084269_1_15809861.0, CM084277_1_30953033.0, CM084274_1_42906650.0, CM084276_1_1510348.1, CM084274_1_4787926.1, CM084274_1_4769100.1, CM084265_1_66688742.1, CM084266_1_70396060.0, CM084279_1_10159275.0, CM084267_1_2081904.0, CM084265_1_58036330.0, CM084268_1_3691150.0, CM084272_1_36474160.0, CM084271_1_379009.0, CM084274_1_42293378.1, CM084276_1_38772790.0, CM084279_1_161176.0, CM084264_1_70466152.0, CM084264_1_70174663.1, CM084271_1_44066688.1"
"11","adapter_trim.F2-J105-pH8.bam","adapter_trim.F1-B15-pH8.bam","adapter_trim.F1-B4-pH8.bam","0.18","1, 4","1","TRUE","CM084266_1_57888640.1, CM084274_1_4795112.0, CM084274_1_4808183.1, CM084275_1_319819.0, CM084272_1_33607296.1, CM084268_1_46382.1, CM084273_1_214007.1, CM084264_1_61167131.1, CM084278_1_20742383.1, CM084269_1_41809353.0, CM084274_1_4793177.1, CM084265_1_71794141.1, CM084275_1_39502374.0, CM084265_1_61648709.0, CM084272_1_1891434.0, CM084271_1_3820313.0, CM084272_1_18191738.1, CM084278_1_22665046.1, CM084279_1_32917233.1, CM084272_1_36474233.0, CM084278_1_20635947.1, CM084264_1_74191538.1, CM084276_1_1852880.0, CM084266_1_68643398.1, CM084264_1_68634815.1, CM084266_1_67098131.1, CM084278_1_279490.1, CM084267_1_51241061.1, CM084269_1_1558064.1, CM084272_1_33452045.1, CM084276_1_1625254.0, CM084275_1_42592955.1, CM084279_1_32673936.1, CM084279_1_1070298.0, CM084272_1_18191744.1, CM084272_1_36474242.1, CM084267_1_6420929.1, CM084270_1_42355534.1, CM084272_1_2073150.1, CM084268_1_18512751.1"
"12","adapter_trim.F2-B12-pH8.bam","adapter_trim.F1-B15-pH8.bam","adapter_trim.F1-B4-pH8.bam","0.72","1, 4","1","TRUE","CM084264_1_74266371.1, CM084279_1_32640576.0, CM084276_1_59031.0, CM084269_1_35627096.1, CM084268_1_2717677.1, CM084273_1_7839324.1, CM084264_1_69271984.0, CM084268_1_50739258.0, CM084275_1_39502397.0, CM084268_1_50200472.0, CM084267_1_6421475.1, CM084264_1_2737867.1, CM084276_1_38558670.0, CM084266_1_68320536.0, CM084265_1_61648602.1, CM084271_1_44077341.0, CM084264_1_68688975.1, CM084269_1_43527808.0, CM084268_1_3695260.1, CM084270_1_4751856.0, CM084266_1_23298342.1, CM084274_1_4795903.0, CM084266_1_67098131.0, CM084275_1_25393709.1, CM084269_1_45238254.0, CM084274_1_4788661.0, CM084265_1_68019714.1, CM084266_1_70396060.0, CM084276_1_1856639.1, CM084271_1_257113.1, CM084267_1_728194.0, CM084271_1_287653.0, CM084275_1_1304704.1, CM084267_1_2908982.1, CM084276_1_1856630.0, CM084275_1_312956.0, CM084278_1_20732805.0, CM084278_1_29698402.0, CM084265_1_66142270.1, CM084272_1_36474231.0"
"13","adapter_trim.F2-J146-pH8.bam","adapter_trim.F1-B15-pH8.bam","adapter_trim.F1-B4-pH8.bam","0.7","1, 4","1","TRUE","CM084271_1_44070252.1, CM084269_1_46688909.0, CM084267_1_51000190.1, CM084279_1_10149628.0, CM084277_1_30953033.1, CM084271_1_1054026.1, CM084275_1_39420927.1, CM084268_1_49735217.0, CM084276_1_38558585.1, CM084266_1_57889053.0, CM084272_1_18189795.1, CM084268_1_42745.0, CM084276_1_4238114.0, CM084265_1_71820726.0, CM084266_1_68320536.0, CM084278_1_20689091.0, CM084269_1_46694331.0, CM084265_1_69924624.0, CM084279_1_32640625.1, CM084266_1_62460058.0, CM084264_1_70390974.0, CM084275_1_39502374.1, CM084266_1_67097920.0, CM084268_1_50202339.1, CM084267_1_4505277.0, CM084264_1_7131437.0, CM084277_1_28144351.1, CM084266_1_65993526.1, CM084269_1_4625304.0, CM084277_1_30642880.0, CM084267_1_50392661.1, CM084279_1_993504.1, CM084266_1_70743731.1, CM084268_1_2832736.0, CM084279_1_31409239.0, CM084275_1_1304704.0, CM084278_1_23536520.0, CM084268_1_3261991.1, CM084266_1_69050667.1, CM084269_1_1526871.1"
"14","adapter_trim.F2-J123-pH8.bam","adapter_trim.F1-B25-pH8.bam","adapter_trim.F1-B5-pH8.bam","0.55","3","3","TRUE","CM084266_1_50301559.0, CM084277_1_4876009.1, CM084274_1_4793084.1, CM084265_1_64586071.1, CM084276_1_2855158.0, CM084279_1_10151202.1, CM084267_1_5830233.1, CM084268_1_28845501.0, CM084266_1_64164372.0, CM084266_1_69315499.1, CM084272_1_33503448.1, CM084264_1_34294476.0, CM084266_1_71149027.0, CM084269_1_1572344.0, CM084268_1_41971.0, CM084266_1_64164374.0, CM084265_1_68806450.0, CM084276_1_37352422.0, CM084266_1_70707515.0, CM084276_1_37355346.1, CM084264_1_70188213.1, CM084264_1_74191575.1, CM084276_1_1625254.0, CM084272_1_1308695.1, CM084272_1_18191742.0, CM084264_1_70466179.1, CM084272_1_18193899.0, CM084269_1_42862803.1, CM084265_1_71796271.1, CM084273_1_7839417.0, CM084264_1_70471433.1, CM084264_1_12084151.0, CM084264_1_8098035.1, CM084272_1_33616443.0, CM084264_1_69303600.1, CM084267_1_6420929.0, CM084278_1_22665046.0, CM084271_1_218791.0, CM084278_1_23536923.1, CM084270_1_1553326.0"
"15","adapter_trim.F2-J84-pH8.bam","adapter_trim.F1-B25-pH8.bam","adapter_trim.F1-B5-pH8.bam","0.97","3","3","TRUE","CM084266_1_57888166.1, CM084276_1_38787722.0, CM084272_1_18188624.0, CM084272_1_18170761.0, CM084278_1_31960635.0, CM084267_1_6420828.1, CM084267_1_9176202.0, CM084269_1_42862695.1, CM084272_1_18188620.0, CM084276_1_38558602.1, CM084279_1_28791311.0, CM084264_1_74800241.1, CM084265_1_70801101.0, CM084277_1_31027263.0, CM084266_1_69050667.1, CM084265_1_64735335.0, CM084264_1_70471578.0, CM084275_1_23104495.0, CM084265_1_959807.1, CM084279_1_16586112.1, CM084278_1_22644846.0, CM084265_1_64586069.0, CM084266_1_57888563.0, CM084269_1_46692099.0, CM084278_1_15228688.0, CM084265_1_68807625.0, CM084270_1_10496921.1, CM084276_1_2855917.0, CM084264_1_72054053.0, CM084270_1_10496921.1, CM084267_1_6420851.0, CM084278_1_20858390.0, CM084265_1_58530104.1, CM084269_1_4626408.1, CM084276_1_38773527.0, CM084274_1_4674050.1, CM084266_1_69141121.1, CM084266_1_62460034.0, CM084264_1_2737867.1, CM084269_1_36339693.0"
"16","adapter_trim.F2-J147-pH8.bam","adapter_trim.F1-B25-pH8.bam","adapter_trim.F1-B5-pH8.bam","1.04","3","3","TRUE","CM084276_1_2855903.1, CM084278_1_22656620.0, CM084266_1_57883097.0, CM084265_1_72991915.1, CM084265_1_64586070.0, CM084264_1_74721232.1, CM084265_1_69007607.1, CM084264_1_74266331.1, CM084276_1_12383618.0, CM084269_1_46733053.1, CM084265_1_72178237.1, CM084265_1_70801101.0, CM084274_1_4695002.1, CM084266_1_71148884.0, CM084268_1_50693763.1, CM084279_1_10147347.0, CM084274_1_4795049.0, CM084274_1_4708043.1, CM084271_1_26325716.1, CM084264_1_66439628.0, CM084264_1_70173621.0, CM084274_1_4864753.1, CM084274_1_4694494.1, CM084271_1_3821109.1, CM084264_1_2740173.1, CM084273_1_268158.1, CM084271_1_19656061.1, CM084273_1_31865682.1, CM084276_1_1856082.0, CM084265_1_59221309.0, CM084269_1_43523784.0, CM084266_1_70400233.0, CM084266_1_70706263.1, CM084270_1_4751756.0, CM084270_1_42355534.0, CM084267_1_52591576.0, CM084268_1_2832740.1, CM084273_1_33585263.0, CM084264_1_5215232.1, CM084265_1_64832885.0"
"17","adapter_trim.F2-B16-pH8.bam","adapter_trim.F1-B25-pH8.bam","adapter_trim.F1-B5-pH8.bam","1.23","3","3","TRUE","CM084264_1_65424.0, CM084270_1_47077465.1, CM084266_1_66383611.0, CM084265_1_64584031.1, CM084276_1_6688311.1, CM084269_1_1558064.1, CM084265_1_68808152.0, CM084275_1_20000990.0, CM084265_1_69007607.1, CM084275_1_29098652.1, CM084279_1_33759502.0, CM084271_1_39685141.1, CM084271_1_44075859.0, CM084264_1_74800272.0, CM084274_1_4778592.1, CM084271_1_30532429.0, CM084276_1_25809481.1, CM084276_1_1852880.1, CM084266_1_62460100.1, CM084267_1_6420915.1, CM084267_1_2910813.0, CM084274_1_4694558.0, CM084264_1_70188206.0, CM084275_1_8878509.0, CM084270_1_47103340.1, CM084268_1_3699589.1, CM084276_1_38558458.1, CM084265_1_72368163.1, CM084265_1_73059931.1, CM084266_1_57888166.0, CM084275_1_77171.1, CM084264_1_74800241.0, CM084271_1_44104315.0, CM084265_1_1816569.1, CM084265_1_61648602.1, CM084265_1_64735421.1, CM084269_1_42862707.0, CM084272_1_36474231.0, CM084265_1_64735335.0, CM084264_1_73604722.0"
"18","adapter_trim.F2-B1-pH8.bam","adapter_trim.F1-B25-pH8.bam","adapter_trim.F1-B5-pH8.bam","0.32","3","3","TRUE","CM084266_1_57889092.1, CM084265_1_71831401.1, CM084275_1_39394589.0, CM084268_1_24030545.1, CM084266_1_52832550.0, CM084264_1_15073604.1, CM084269_1_15823954.1, CM084272_1_33597669.1, CM084272_1_36474231.0, CM084266_1_69095441.1, CM084265_1_71265328.1, CM084271_1_43868181.1, CM084276_1_1625254.0, CM084266_1_65347099.1, CM084272_1_9069881.0, CM084269_1_1526871.1, CM084265_1_69007607.1, CM084265_1_72074244.1, CM084278_1_34806817.0, CM084264_1_70175500.1, CM084274_1_4726244.1, CM084264_1_73926180.1, CM084264_1_73309412.0, CM084274_1_4694915.1, CM084264_1_71189798.1, CM084268_1_282153.0, CM084278_1_20591181.1, CM084273_1_32683016.1, CM084265_1_71925486.0, CM084264_1_70175551.1, CM084274_1_4730081.0, CM084265_1_59221320.0, CM084278_1_20623588.1, CM084265_1_8362532.0, CM084275_1_327918.0, CM084271_1_340905.1, CM084264_1_71189798.1, CM084275_1_327936.0, CM084270_1_4921029.0, CM084271_1_44228071.0"
"19","adapter_trim.F2-B11-pH8.bam","adapter_trim.F1-B25-pH8.bam","adapter_trim.F1-B7-pH8.bam","0.56","3","3, 4","TRUE","CM084265_1_72071366.1, CM084271_1_43920589.1, CM084264_1_70171655.0, CM084274_1_3692513.0, CM084272_1_1704404.0, CM084270_1_4921089.0, CM084266_1_58087045.0, CM084279_1_28791311.1, CM084266_1_65576934.1, CM084276_1_37987483.0, CM084275_1_35722051.1, CM084278_1_22645215.0, CM084271_1_346616.1, CM084273_1_42285571.1, CM084270_1_9411968.0, CM084266_1_68919215.1, CM084266_1_58086157.0, CM084279_1_10150695.1, CM084274_1_4734036.1, CM084267_1_727876.1, CM084279_1_1072367.1, CM084267_1_8118540.1, CM084271_1_26324154.0, CM084266_1_70743731.0, CM084268_1_46422.1, CM084265_1_64586071.1, CM084267_1_5161036.1, CM084264_1_68688357.1, CM084274_1_4795086.0, CM084272_1_1704343.0, CM084265_1_2047919.1, CM084275_1_1304711.0, CM084264_1_69861978.1, CM084277_1_36519423.1, CM084269_1_43525214.0, CM084265_1_59221291.1, CM084264_1_65945.0, CM084266_1_58087794.1, CM084266_1_67239927.0, CM084272_1_36474242.0"
"20","adapter_trim.F2-J125-pH8.bam","adapter_trim.F1-B21-pH8.bam","adapter_trim.F1-B7-pH8.bam","0.18","2, 4","3, 4","TRUE","CM084264_1_69294926.1, CM084276_1_38970477.0, CM084274_1_5046215.0, CM084276_1_2855915.1, CM084274_1_42293378.1, CM084277_1_30027057.1, CM084270_1_46587616.0, CM084273_1_31865682.1, CM084269_1_1567133.1, CM084264_1_73309406.0, CM084266_1_66377772.1, CM084272_1_18194192.0, CM084271_1_26325720.1, CM084276_1_38970482.0, CM084266_1_68319477.0, CM084269_1_47255823.0, CM084279_1_32652113.0, CM084265_1_71265241.0, CM084274_1_4726242.1, CM084268_1_3704024.1, CM084279_1_31075821.0, CM084265_1_1062091.1, CM084267_1_6420828.0, CM084264_1_48147317.1, CM084266_1_61737006.1, CM084277_1_30027057.0, CM084264_1_74035910.1, CM084269_1_45420488.1, CM084274_1_4723647.1, CM084275_1_1218645.0, CM084271_1_256611.0, CM084271_1_43849883.0, CM084275_1_38995359.1, CM084274_1_4709671.0, CM084271_1_44090335.0, CM084267_1_51248424.1, CM084270_1_1559802.0, CM084264_1_70181718.1, CM084267_1_2652515.0, CM084264_1_5215232.1"
"21","adapter_trim.F2-J127-pH8.bam","adapter_trim.F1-B15-pH8.bam","adapter_trim.F1-B7-pH8.bam","0.96","1, 4","3, 4","TRUE","CM084264_1_2738113.0, CM084266_1_69793931.0, CM084268_1_938570.1, CM084269_1_41809356.0, CM084277_1_29208395.0, CM084271_1_337313.0, CM084274_1_4695106.1, CM084271_1_11500090.0, CM084271_1_3814148.1, CM084277_1_30642880.1, CM084269_1_1526871.1, CM084274_1_11694583.0, CM084275_1_529161.0, CM084275_1_25388529.1, CM084273_1_32698906.1, CM084268_1_3702289.0, CM084276_1_38773493.0, CM084277_1_30631454.1, CM084270_1_4920935.1, CM084264_1_34294397.1, CM084267_1_1134553.1, CM084275_1_36059252.0, CM084267_1_6420915.0, CM084268_1_3704024.0, CM084276_1_1625292.0, CM084268_1_42089.1, CM084266_1_68322200.0, CM084271_1_43812187.0, CM084269_1_15823421.1, CM084271_1_337322.0, CM084264_1_74989689.0, CM084264_1_8098050.0, CM084265_1_72074244.0, CM084276_1_6150174.1, CM084277_1_6198930.0, CM084271_1_218835.0, CM084265_1_70974986.0, CM084272_1_33597692.1, CM084266_1_68659869.0, CM084276_1_38285696.1"
"22","adapter_trim.F2-J108-pH8.bam","adapter_trim.F1-B21-pH8.bam","adapter_trim.F1-B7-pH8.bam","1.02","2, 4","3, 4","TRUE","CM084269_1_43525189.1, CM084268_1_82411.1, CM084272_1_29972645.1, CM084268_1_28845823.1, CM084267_1_728194.0, CM084264_1_34303458.0, CM084277_1_29780093.0, CM084264_1_12084114.0, CM084266_1_66383710.1, CM084277_1_5803906.0, CM084266_1_64723748.0, CM084277_1_28144351.0, CM084272_1_11675288.1, CM084265_1_71899687.1, CM084268_1_282153.0, CM084264_1_69712159.1, CM084264_1_26777912.1, CM084270_1_4751834.1, CM084279_1_10147284.1, CM084266_1_25399242.0, CM084274_1_4795077.1, CM084265_1_65322091.0, CM084268_1_3691160.0, CM084264_1_74076720.1, CM084266_1_66377784.0, CM084273_1_31865208.1, CM084270_1_46587624.0, CM084264_1_72011634.1, CM084265_1_69915221.0, CM084267_1_9176045.0, CM084273_1_31862314.0, CM084266_1_69547380.1, CM084264_1_66439654.1, CM084274_1_4795482.0, CM084266_1_64164380.0, CM084275_1_29098652.0, CM084265_1_54591404.1, CM084272_1_18194192.0, CM084267_1_2104179.0, CM084268_1_1326515.1"
"23","adapter_trim.F2-J126-pH8.bam","adapter_trim.F1-B21-pH8.bam","adapter_trim.F1-B8-pH8.bam","0.83","2, 4","2","TRUE","CM084266_1_65576813.0, CM084278_1_16774412.1, CM084274_1_42855649.1, CM084279_1_31065257.1, CM084266_1_67097921.1, CM084265_1_58487819.1, CM084276_1_38772810.1, CM084278_1_281238.0, CM084265_1_68074592.0, CM084265_1_786811.0, CM084269_1_15812959.0, CM084273_1_32698886.0, CM084265_1_54595186.0, CM084266_1_69623578.1, CM084273_1_42253159.0, CM084277_1_5804933.1, CM084277_1_4875961.0, CM084264_1_69902963.0, CM084264_1_65422.1, CM084264_1_70188213.1, CM084268_1_49533758.0, CM084277_1_29208392.1, CM084269_1_15820188.0, CM084274_1_4863902.1, CM084265_1_2047919.0, CM084274_1_21933138.1, CM084273_1_7826703.0, CM084278_1_25832327.0, CM084271_1_26324168.0, CM084279_1_32915269.0, CM084265_1_71899241.0, CM084264_1_73349432.0, CM084272_1_33607000.0, CM084266_1_69141117.1, CM084264_1_73180493.0, CM084264_1_8233152.0, CM084267_1_9176045.1, CM084278_1_23547493.0, CM084270_1_10495977.0, CM084267_1_1134424.0"
"24","adapter_trim.F2-J107-pH8.bam","adapter_trim.F1-B15-pH8.bam","adapter_trim.F1-B9-pH8.bam","0.7","1, 4","1, 4","TRUE","CM084264_1_64487845.0, CM084265_1_64528148.0, CM084276_1_7202997.0, CM084274_1_4868366.1, CM084264_1_74076720.1, CM084270_1_39396029.1, CM084265_1_70798989.0, CM084266_1_65993531.1, CM084269_1_12905592.0, CM084271_1_43868189.0, CM084266_1_70940178.1, CM084264_1_75338719.0, CM084264_1_64487824.0, CM084276_1_38970477.0, CM084270_1_972098.0, CM084270_1_26890196.1, CM084279_1_1073128.1, CM084264_1_69534058.0, CM084268_1_28845336.1, CM084271_1_43860456.0, CM084274_1_4709089.0, CM084271_1_43860456.1, CM084274_1_4863917.0, CM084276_1_1500412.0, CM084275_1_35722058.1, CM084264_1_70456944.0, CM084264_1_70175562.1, CM084276_1_20157216.1, CM084271_1_43860422.0, CM084264_1_68685021.1, CM084276_1_38960936.0, CM084275_1_35720350.1, CM084266_1_69806306.1, CM084274_1_4795077.0, CM084267_1_51241061.1, CM084265_1_39553350.1, CM084266_1_67097920.0, CM084273_1_31862042.0, CM084269_1_42862716.0, CM084278_1_5144637.1"
"25","adapter_trim.F2-J142-pH8.bam","adapter_trim.F1-B8-pH8.bam","adapter_trim.F1-B9-pH8.bam","1.08","1","1, 4","TRUE","CM084272_1_33606995.1, CM084264_1_68688356.1, CM084271_1_218791.1, CM084276_1_38558546.1, CM084265_1_73060895.1, CM084272_1_675601.1, CM084266_1_70707515.1, CM084269_1_1567360.0, CM084275_1_327388.0, CM084273_1_31866838.1, CM084264_1_61167194.1, CM084264_1_34301201.0, CM084272_1_9069880.1, CM084278_1_29698392.0, CM084275_1_319193.1, CM084266_1_69051090.1, CM084276_1_12383618.0, CM084276_1_2855917.0, CM084276_1_1500490.0, CM084279_1_10150674.0, CM084267_1_5165693.0, CM084274_1_41835817.0, CM084267_1_30269806.1, CM084276_1_771542.0, CM084268_1_42089.0, CM084267_1_5882424.0, CM084264_1_74266355.0, CM084265_1_71926735.1, CM084264_1_69271980.1, CM084264_1_69287336.0, CM084268_1_3703420.0, CM084272_1_18193991.1, CM084267_1_5881762.0, CM084266_1_23321803.1, CM084276_1_38558640.1, CM084271_1_3822736.0, CM084269_1_45420345.1, CM084278_1_22667330.0, CM084269_1_1567848.1, CM084264_1_70175539.1"
